ID,Entity,Sentiment,Tweet,Tweet_Sanitizado,predicted_sentiment,inference_time_seconds,status,error
11656,Verizon,Positive,Remote working and an increase in cloud-based data is spurring cyber-attacks: Today sees the publication of the Verizon Business 2020 Data Breach Investigations Report which shows that network security is even more important ... dlvr.it/RX3fdK EXETLOS,Remote working and an increase in cloud-based data is spurring cyber-attacks: Today sees the publication of the Verizon Business 2020 Data Breach Investigations Report which shows that network security is even more important ... dlvr.it/RX3fdK EXETLOS,Neutral,6.78,OK,
9769,PlayStation5(PS5),Positive,I actually quite like the design of the ps5. It truly feels like the next generation of a console rather than just being a bulkier box with more power,I actually quite like the design of the ps5. It truly feels like the next generation of a console rather than just being a bulkier box with more power,Positive,1.15,OK,
7021,johnson&johnson,Neutral,"New York charges Johnson & Johnson with insurance fraud over opioid claims

pageone.ng/2020/09/17/new…

$JNJ",New York charges Johnson & Johnson with insurance fraud over opioid claims pageone.ng/2020/09/17/new… $JNJ,Neutral,1.09,OK,
2567,Borderlands,Neutral,Chris loves me in borderlands one and two.,Chris loves me in borderlands one and two.,Positive,0.41,OK,
7463,LeagueOfLegends,Neutral,Check out my video! #LeagueofLegends | Captured by #Outplayed #2020alienwaregames pic.twitter.com/X6kqEW08hw,Check out my video! #LeagueofLegends | Captured by #Outplayed #2020alienwaregames pic.twitter.com/X6kqEW08hw,Neutral,1.17,OK,
